ticker,week,month,year,arrow,signal,value
A,27,July,2,,+,58
A,28,July,2,,+,54
A,29,July,2,down,-,62
A,30,July,2,up,+,62
AAPL,27,July,2,up,+,68
AAPL,28,July,2,up,+,64
AAPL,29,July,2,,+,56
AAPL,30,July,2,,-,52
ABBV,27,July,2,up,+,69
ABBV,28,July,2,up,+,62
ABBV,29,July,2,,+,54
ABBV,30,July,2,,-,54
ABNB,27,July,2,up,+,90
ABNB,28,July,2,down,-,80
ABNB,29,July,2,up,+,10
ABNB,30,July,2,up,+,??
ABT,27,July,2,up,+,64
ABT,28,July,2,,-,55
ABT,29,July,2,up,+,60
ABT,30,July,2,,+,58
ACGL,27,July,2,,+,52
ACGL,28,July,2,,+,52
ACGL,29,July,2,,+,52
ACGL,30,July,2,up,+,60
ACN,27,July,2,up,+,63
ACN,28,July,2,,-,58
ACN,29,July,2,up,+,67
ACN,30,July,2,,-,52
ADBE,27,July,2,up,+,69
ADBE,28,July,2,,-,54
ADBE,29,July,2,,+,56
ADBE,30,July,2,down,-,67
ADM,27,July,2,,+,56
ADM,28,July,2,down,-,60
ADM,29,July,2,down,-,62
ADM,30,July,2,,+,53
ADP,27,July,2,,+,55
ADP,28,July,2,,+,54
ADP,29,July,2,up,+,60
ADP,30,July,2,,-,54
ADSK,27,July,2,,-,54
ADSK,28,July,2,,+,54
ADSK,29,July,2,down,-,60
ADSK,30,July,2,,-,56
AEE,27,July,2,,+,57
AEE,28,July,2,,-,56
AEE,29,July,2,,+,58
AEE,30,July,2,up,+,60
AEP,27,July,2,up,+,63
AEP,28,July,2,up,+,73
AEP,29,July,2,,+,52
AEP,30,July,2,,+,53
AES,27,July,2,,+,54
AES,28,July,2,,+,54
AES,29,July,2,,+,56
AES,30,July,2,down,-,76
AFL,27,July,2,,+,55
AFL,28,July,2,down,-,60
AFL,29,July,2,up,+,62
AFL,30,July,2,up,+,60
AIQUY,27,July,2,down,-,64
AIQUY,28,July,2,,+,57
AIQUY,29,July,2,,+,57
AIQUY,30,July,2,,+,57
AIZ,27,July,2,up,+,73
AIZ,28,July,2,,-,55
AIZ,29,July,2,,+,55
AIZ,30,July,2,up,+,73
AJG,27,July,2,up,+,62
AJG,28,July,2,,-,54
AJG,29,July,2,up,+,60
AJG,30,July,2,,+,55
ALB,27,July,2,up,+,78
ALB,28,July,2,,-,56
ALB,29,July,2,,-,56
ALB,30,July,2,,-,56
ALGN,27,July,2,up,+,76
ALGN,28,July,2,down,-,68
ALGN,29,July,2,up,+,64
ALGN,30,July,2,up,+,68
ALL,27,July,2,up,+,70
ALL,28,July,2,down,-,61
ALL,29,July,2,,-,53
ALL,30,July,2,up,+,67
ALLE,27,July,2,,+,50
ALLE,28,July,2,,+,58
ALLE,29,July,2,up,+,67
ALLE,30,July,2,up,+,67
AMCR,27,July,2,,-,57
AMCR,28,July,2,,-,57
AMCR,29,July,2,up,+,74
AMCR,30,July,2,up,+,74
AMD,27,July,2,,+,56
AMD,28,July,2,,+,54
AMD,29,July,2,down,-,60
AMD,30,July,2,,-,59
AMGN,27,July,2,,+,52
AMGN,28,July,2,,+,58
AMGN,29,July,2,up,+,74
AMGN,30,July,2,up,+,60
AMP,27,July,2,up,+,69
AMP,28,July,2,down,-,69
AMP,29,July,2,up,+,73
AMP,30,July,2,,-,53
AMT,27,July,2,up,+,74
AMT,28,July,2,up,+,64
AMT,29,July,2,,+,50
AMT,30,July,2,,+,50
AMZN,27,July,2,up,+,72
AMZN,28,July,2,up,+,64
AMZN,29,July,2,,+,59
AMZN,30,July,2,,+,57
ANET,27,July,2,up,+,73
ANET,28,July,2,,+,58
ANET,29,July,2,up,+,75
ANET,30,July,2,,+,50
ANSS,27,July,2,up,+,63
ANSS,28,July,2,,+,52
ANSS,29,July,2,,-,52
ANSS,30,July,2,,-,59
AON,27,July,2,up,+,64
AON,28,July,2,up,+,60
AON,29,July,2,,-,55
AON,30,July,2,down,-,62
APH,27,July,2,,+,55
APH,28,July,2,,+,50
APH,29,July,2,,+,58
APH,30,July,2,up,+,60
APO,27,July,2,,+,53
APO,28,July,2,up,+,67
APO,29,July,2,up,+,90
APO,30,July,2,,+,53
APP,27,July,2,up,+,90
APP,28,July,2,down,-,80
APP,29,July,2,up,+,60
APP,30,July,2,down,-,80
APTV,27,July,2,up,+,74
APTV,28,July,2,,+,50
APTV,29,July,2,,-,57
APTV,30,July,2,up,+,64
ARE,27,July,2,up,+,69
ARE,28,July,2,up,+,69
ARE,29,July,2,up,+,62
ARE,30,July,2,up,+,66
ARM,27,July,2,,+,71
ARM,28,July,2,down,-,10
ARM,29,July,2,,+,50
ARM,30,July,2,,+,50
ASML,27,July,2,up,+,65
ASML,28,July,2,up,+,65
ASML,29,July,2,up,+,60
ASML,30,July,2,,-,52
ATO,27,July,2,up,+,63
ATO,28,July,2,,-,59
ATO,29,July,2,up,+,64
ATO,30,July,2,,+,54
AVB,27,July,2,up,+,68
AVB,28,July,2,,-,55
AVB,29,July,2,,+,59
AVB,30,July,2,,+,59
AVGO,27,July,2,up,+,75
AVGO,28,July,2,down,-,60
AVGO,29,July,2,up,+,75
AVGO,30,July,2,,+,50
AVY,27,July,2,up,+,63
AVY,28,July,2,,+,54
AVY,29,July,2,,+,52
AVY,30,July,2,,-,55
AWK,27,July,2,,+,56
AWK,28,July,2,,+,56
AWK,29,July,2,up,+,67
AWK,30,July,2,,+,56
AXON,27,July,2,,-,52
AXON,28,July,2,down,-,68
AXON,29,July,2,,+,56
AXON,30,July,2,,-,52
AXP,27,July,2,up,+,65
AXP,28,July,2,,-,53
AXP,29,July,2,,-,52
AXP,30,July,2,,+,54
AZN,27,July,2,,-,52
AZN,28,July,2,,+,58
AZN,29,July,2,,-,53
AZN,30,July,2,up,+,64
BA,27,July,2,up,+,63
BA,28,July,2,,+,56
BA,29,July,2,,+,58
BA,30,July,2,,-,57
BAC,27,July,2,up,+,66
BAC,28,July,2,,+,54
BAC,29,July,2,,+,54
BAC,30,July,2,up,+,64
BAX,27,July,2,up,+,60
BAX,28,July,2,,+,55
BAX,29,July,2,up,+,70
BAX,30,July,2,,-,52
BBWI,27,July,2,up,+,64
BBWI,28,July,2,,-,54
BBWI,29,July,2,,+,54
BBWI,30,July,2,,+,56
BBY,27,July,2,,+,58
BBY,28,July,2,,-,58
BBY,29,July,2,down,-,60
BBY,30,July,2,,-,59
BDX,27,July,2,,+,54
BDX,28,July,2,,-,56
BDX,29,July,2,,+,55
BDX,30,July,2,up,+,63
BEN,27,July,2,,+,59
BEN,28,July,2,,+,54
BEN,29,July,2,up,+,62
BEN,30,July,2,,+,59
BG,27,July,2,,+,58
BG,28,July,2,down,-,63
BG,29,July,2,up,+,75
BG,30,July,2,up,+,74
BHP,27,July,2,up,+,74
BHP,28,July,2,up,+,62
BHP,29,July,2,up,+,64
BHP,30,July,2,,+,50
BIIB,27,July,2,up,+,65
BIIB,28,July,2,,+,59
BIIB,29,July,2,,+,50
BIIB,30,July,2,,+,53
BKR,27,July,2,,+,59
BKR,28,July,2,,-,54
BKR,29,July,2,,+,54
BKR,30,July,2,up,+,68
BLDR,27,July,2,,+,57
BLDR,28,July,2,up,+,67
BLDR,29,July,2,,+,57
BLDR,30,July,2,,-,52
BLK,27,July,2,up,+,74
BLK,28,July,2,up,+,60
BLK,29,July,2,,+,58
BLK,30,July,2,,+,56
BLL,27,July,2,up,+,65
BLL,28,July,2,,+,50
BLL,29,July,2,up,+,64
BLL,30,July,2,,-,54
BR,27,July,2,up,+,74
BR,28,July,2,,+,53
BR,29,July,2,up,+,84
BR,30,July,2,,+,53
BRK,27,July,2,up,+,62
BRK,28,July,2,down,-,60
BRK,29,July,2,up,+,60
BRK,30,July,2,,-,53
BRK.A,27,July,2,up,+,67
BRK.A,28,July,2,,-,54
BRK.A,29,July,2,,-,53
BRK.A,30,July,2,,+,53
BSX,27,July,2,up,+,64
BSX,28,July,2,,-,56
BSX,29,July,2,up,+,63
BSX,30,July,2,,+,50
BX,27,July,2,,+,53
BX,28,July,2,down,-,63
BX,29,July,2,up,+,84
BX,30,July,2,,-,58
C,27,July,2,up,+,62
C,28,July,2,,-,58
C,29,July,2,up,+,60
C,30,July,2,,+,53
CAH,27,July,2,,-,54
CAH,28,July,2,,-,53
CAH,29,July,2,up,+,66
CAH,30,July,2,up,+,65
CARR,27,July,2,up,+,67
CARR,28,July,2,up,+,83
CARR,29,July,2,up,+,83
CARR,30,July,2,up,+,10
CBOE,27,July,2,up,+,63
CBOE,28,July,2,,+,50
CBOE,29,July,2,up,+,88
CBOE,30,July,2,down,-,63
CBRE,27,July,2,up,+,73
CBRE,28,July,2,,-,55
CBRE,29,July,2,up,+,73
CBRE,30,July,2,up,+,62
CCE,27,July,2,,+,50
CCE,28,July,2,,+,54
CCE,29,July,2,,+,54
CCE,30,July,2,up,+,62
CCI,27,July,2,,+,56
CCI,28,July,2,,+,56
CCI,29,July,2,down,-,67
CCI,30,July,2,,+,52
CCL,27,July,2,up,+,62
CCL,28,July,2,,+,58
CCL,29,July,2,,-,52
CCL,30,July,2,,+,55
CDW,27,July,2,up,+,69
CDW,28,July,2,,+,54
CDW,29,July,2,up,+,77
CDW,30,July,2,,+,54
CEG,27,July,2,,+,50
CEG,28,July,2,up,+,75
CEG,29,July,2,down,-,75
CEG,30,July,2,,+,50
CF,27,July,2,up,+,60
CF,28,July,2,,+,50
CF,29,July,2,up,+,75
CF,30,July,2,,+,55
CFG,27,July,2,up,+,73
CFG,28,July,2,up,+,64
CFG,29,July,2,up,+,91
CFG,30,July,2,up,+,73
CHRW,27,July,2,,-,54
CHRW,28,July,2,up,+,64
CHRW,29,July,2,up,+,74
CHRW,30,July,2,,+,54
CHTR,27,July,2,up,+,87
CHTR,28,July,2,up,+,60
CHTR,29,July,2,up,+,90
CHTR,30,July,2,down,-,67
CI,27,July,2,,+,52
CI,28,July,2,,+,50
CI,29,July,2,,+,53
CI,30,July,2,down,-,60
CINF,27,July,2,up,+,64
CINF,28,July,2,down,-,61
CINF,29,July,2,,+,54
CINF,30,July,2,,+,59
CL,27,July,2,up,+,74
CL,28,July,2,,+,57
CL,29,July,2,,-,54
CL,30,July,2,,-,54
CLX,27,July,2,up,+,60
CLX,28,July,2,up,+,63
CLX,29,July,2,,-,52
CLX,30,July,2,,-,57
CMCSA,27,July,2,,+,54
CMCSA,28,July,2,,+,56
CMCSA,29,July,2,,+,56
CMCSA,30,July,2,down,-,60
CMG,27,July,2,up,+,72
CMG,28,July,2,down,-,61
CMG,29,July,2,,+,55
CMG,30,July,2,,+,50
CMS,27,July,2,up,+,62
CMS,28,July,2,,-,57
CMS,29,July,2,,-,57
CMS,30,July,2,,-,59
CNC,27,July,2,,+,52
CNC,28,July,2,,+,50
CNC,29,July,2,up,+,64
CNC,30,July,2,,+,55
CNP,27,July,2,,+,57
CNP,28,July,2,up,+,64
CNP,29,July,2,,+,50
CNP,30,July,2,,+,53
COF,27,July,2,up,+,64
COF,28,July,2,,-,57
COF,29,July,2,,+,58
COF,30,July,2,,+,52
COMP,27,July,2,up,+,60
COMP,28,July,2,up,+,60
COMP,29,July,2,,+,54
COMP,30,July,2,down,-,62
COO,27,July,2,,+,50
COO,28,July,2,,-,53
COO,29,July,2,down,-,62
COO,30,July,2,,-,54
COP,27,July,2,up,+,64
COP,28,July,2,,+,53
COP,29,July,2,,-,52
COP,30,July,2,,-,54
COR,27,July,2,,+,52
COR,28,July,2,down,-,68
COR,29,July,2,,+,53
COR,30,July,2,,+,55
COST,27,July,2,up,+,62
COST,28,July,2,up,+,64
COST,29,July,2,,-,55
COST,30,July,2,,-,57
CPAY,27,July,2,up,+,73
CPAY,28,July,2,up,+,60
CPAY,29,July,2,,-,53
CPAY,30,July,2,up,+,67
CPRT,27,July,2,,+,59
CPRT,28,July,2,up,+,62
CPRT,29,July,2,,+,52
CPRT,30,July,2,down,-,60
CPT,27,July,2,up,+,80
CPT,28,July,2,,-,55
CPT,29,July,2,up,+,69
CPT,30,July,2,,-,52
CRL,27,July,2,,+,59
CRL,28,July,2,,+,55
CRL,29,July,2,up,+,72
CRL,30,July,2,,+,50
CRM,27,July,2,up,+,62
CRM,28,July,2,,-,55
CRM,29,July,2,,-,55
CRM,30,July,2,,+,55
CRWD,27,July,2,up,+,74
CRWD,28,July,2,,-,57
CRWD,29,July,2,,+,57
CRWD,30,July,2,,-,57
CSGP,27,July,2,up,+,67
CSGP,28,July,2,,+,59
CSGP,29,July,2,,+,56
CSGP,30,July,2,,+,50
CSX,27,July,2,up,+,60
CSX,28,July,2,,+,50
CSX,29,July,2,,+,55
CSX,30,July,2,,-,52
CTAS,27,July,2,up,+,63
CTAS,28,July,2,,+,58
CTAS,29,July,2,up,+,64
CTAS,30,July,2,,-,59
CTRA,27,July,2,,-,57
CTRA,28,July,2,down,-,61
CTRA,29,July,2,down,-,64
CTRA,30,July,2,,+,53
CTSH,27,July,2,up,+,60
CTSH,28,July,2,,-,54
CTSH,29,July,2,up,+,64
CTSH,30,July,2,,+,56
CTVA,27,July,2,down,-,67
CTVA,28,July,2,down,-,86
CTVA,29,July,2,up,+,74
CTVA,30,July,2,up,+,86
CVS,27,July,2,up,+,60
CVS,28,July,2,up,+,64
CVS,29,July,2,down,-,61
CVS,30,July,2,,+,50
CZR,27,July,2,,+,55
CZR,28,July,2,,-,55
CZR,29,July,2,down,-,64
CZR,30,July,2,down,-,73
D,27,July,2,up,+,60
D,28,July,2,,+,54
D,29,July,2,,-,52
D,30,July,2,,-,55
DAL,27,July,2,up,+,74
DAL,28,July,2,,-,53
DAL,29,July,2,,+,53
DAL,30,July,2,,-,58
DASH,27,July,2,up,+,60
DASH,28,July,2,down,-,60
DASH,29,July,2,up,+,90
DASH,30,July,2,down,-,60
DAY,27,July,2,up,+,??
DAY,28,July,2,,+,50
DAY,29,July,2,up,+,10
DAY,30,July,2,,+,??
DD,27,July,2,,-,57
DD,28,July,2,,+,54
DD,29,July,2,,+,57
DD,30,July,2,up,+,64
DDOG,27,July,2,up,+,83
DDOG,28,July,2,down,-,67
DDOG,29,July,2,up,+,67
DDOG,30,July,2,,+,50
DECK,27,July,2,,+,57
DECK,28,July,2,down,-,63
DECK,29,July,2,up,+,65
DECK,30,July,2,,+,59
DELL,27,July,2,up,+,74
DELL,28,July,2,,+,59
DELL,29,July,2,,+,50
DELL,30,July,2,,-,55
DF,27,July,2,,+,52
DF,28,July,2,,-,57
DF,29,July,2,up,+,60
DF,30,July,2,down,-,62
DFS,27,July,2,up,+,82
DFS,28,July,2,,-,56
DFS,29,July,2,up,+,67
DFS,30,July,2,,+,56
DG,27,July,2,up,+,63
DG,28,July,2,,+,50
DG,29,July,2,,+,50
DG,30,July,2,,-,56
DHI,27,July,2,up,+,64
DHI,28,July,2,,+,58
DHI,29,July,2,,+,55
DHI,30,July,2,,-,58
DHR,27,July,2,,+,58
DHR,28,July,2,,-,57
DHR,29,July,2,up,+,66
DHR,30,July,2,up,+,63
DIS,27,July,2,down,-,60
DIS,28,July,2,,-,54
DIS,29,July,2,,-,55
DIS,30,July,2,,+,50
DJIP,27,July,2,up,+,73
DJIP,28,July,2,,+,59
DJIP,29,July,2,,+,56
DJIP,30,July,2,,-,54
DLR,27,July,2,up,+,74
DLR,28,July,2,,-,52
DLR,29,July,2,,+,55
DLR,30,July,2,,+,57
DLTR,27,July,2,up,+,65
DLTR,28,July,2,up,+,65
DLTR,29,July,2,,-,52
DLTR,30,July,2,,+,57
DNB,27,July,2,,+,54
DNB,28,July,2,,+,53
DNB,29,July,2,,-,56
DNB,30,July,2,down,-,61
DOC,27,July,2,up,+,72
DOC,28,July,2,,+,50
DOC,29,July,2,up,+,68
DOC,30,July,2,,+,50
DOW,27,July,2,down,-,67
DOW,28,July,2,,-,57
DOW,29,July,2,up,+,86
DOW,30,July,2,,-,57
DPZ,27,July,2,up,+,62
DPZ,28,July,2,,+,57
DPZ,29,July,2,,+,57
DPZ,30,July,2,up,+,64
DRI,27,July,2,up,+,64
DRI,28,July,2,,-,55
DRI,29,July,2,,+,52
DRI,30,July,2,,+,50
DTE,27,July,2,,+,58
DTE,28,July,2,up,+,69
DTE,29,July,2,,-,54
DTE,30,July,2,,-,55
DUK,27,July,2,up,+,64
DUK,28,July,2,up,+,69
DUK,29,July,2,,+,50
DUK,30,July,2,,+,54
DVA,27,July,2,,+,53
DVA,28,July,2,,-,53
DVA,29,July,2,,-,57
DVA,30,July,2,down,-,67
DXCM,27,July,2,,-,57
DXCM,28,July,2,up,+,62
DXCM,29,July,2,,+,52
DXCM,30,July,2,,-,52
EBAY,27,July,2,,+,56
EBAY,28,July,2,up,+,70
EBAY,29,July,2,,-,56
EBAY,30,July,2,,-,52
ECL,27,July,2,down,-,60
ECL,28,July,2,,-,57
ECL,29,July,2,,+,54
ECL,30,July,2,,+,50
ED,27,July,2,,+,58
ED,28,July,2,up,+,63
ED,29,July,2,,+,50
ED,30,July,2,,+,53
EFX,27,July,2,,+,54
EFX,28,July,2,up,+,62
EFX,29,July,2,,+,55
EFX,30,July,2,,+,50
EG,27,July,2,up,+,67
EG,28,July,2,up,+,60
EG,29,July,2,down,-,60
EG,30,July,2,,+,53
EL,27,July,2,,+,53
EL,28,July,2,down,-,60
EL,29,July,2,,+,57
EL,30,July,2,down,-,60
ELV,27,July,2,up,+,64
ELV,28,July,2,,+,59
ELV,29,July,2,down,-,63
ELV,30,July,2,,-,58
EMN,27,July,2,,+,56
EMN,28,July,2,,-,56
EMN,29,July,2,up,+,69
EMN,30,July,2,,-,53
EOG,27,July,2,down,-,60
EOG,28,July,2,,-,57
EOG,29,July,2,,+,58
EOG,30,July,2,,+,54
EPAM,27,July,2,up,+,64
EPAM,28,July,2,up,+,64
EPAM,29,July,2,up,+,64
EPAM,30,July,2,,+,57
EQIX,27,July,2,,+,56
EQIX,28,July,2,down,-,60
EQIX,29,July,2,up,+,60
EQIX,30,July,2,,+,56
EQR,27,July,2,up,+,66
EQR,28,July,2,,-,53
EQR,29,July,2,up,+,69
EQR,30,July,2,,+,59
EQT,27,July,2,,-,55
EQT,28,July,2,,-,54
EQT,29,July,2,,+,53
EQT,30,July,2,down,-,62
ERIE,27,July,2,up,+,70
ERIE,28,July,2,,+,59
ERIE,29,July,2,,+,59
ERIE,30,July,2,,+,59
ESS,27,July,2,up,+,66
ESS,28,July,2,,+,56
ESS,29,July,2,,+,59
ESS,30,July,2,,+,56
ETN,27,July,2,up,+,64
ETN,28,July,2,,-,59
ETN,29,July,2,,+,54
ETN,30,July,2,,-,54
EVRG,27,July,2,up,+,75
EVRG,28,July,2,up,+,63
EVRG,29,July,2,,+,50
EVRG,30,July,2,up,+,63
EW,27,July,2,,-,56
EW,28,July,2,,-,54
EW,29,July,2,up,+,65
EW,30,July,2,,-,54
EXC,27,July,2,,+,52
EXC,28,July,2,up,+,63
EXC,29,July,2,,-,54
EXC,30,July,2,,+,56
EXE,27,July,2,down,-,60
EXE,28,July,2,down,-,60
EXE,29,July,2,up,+,90
EXE,30,July,2,down,-,60
EXPD,27,July,2,,+,54
EXPD,28,July,2,,-,55
EXPD,29,July,2,up,+,66
EXPD,30,July,2,,+,54
EXPE,27,July,2,up,+,65
EXPE,28,July,2,,+,55
EXPE,29,July,2,up,+,70
EXPE,30,July,2,,+,52
EXR,27,July,2,up,+,62
EXR,28,July,2,down,-,62
EXR,29,July,2,up,+,62
EXR,30,July,2,,+,57
F,27,July,2,down,-,60
F,28,July,2,,+,57
F,29,July,2,,-,54
F,30,July,2,down,-,62
FAST,27,July,2,up,+,74
FAST,28,July,2,,+,50
FAST,29,July,2,,+,54
FAST,30,July,2,,+,56
FDS,27,July,2,,+,50
FDS,28,July,2,,+,53
FDS,29,July,2,up,+,67
FDS,30,July,2,,+,52
FDX,27,July,2,,+,53
FDX,28,July,2,,+,57
FDX,29,July,2,up,+,62
FDX,30,July,2,down,-,67
FE,27,July,2,up,+,63
FE,28,July,2,up,+,65
FE,29,July,2,up,+,67
FE,30,July,2,,-,54
FFIV,27,July,2,,+,59
FFIV,28,July,2,,-,56
FFIV,29,July,2,,+,52
FFIV,30,July,2,up,+,78
FI,27,July,2,up,+,74
FI,28,July,2,,+,54
FI,29,July,2,up,+,67
FI,30,July,2,,-,53
FICO,27,July,2,up,+,79
FICO,28,July,2,,+,54
FICO,29,July,2,,+,59
FICO,30,July,2,,-,56
FIS,27,July,2,up,+,68
FIS,28,July,2,,+,56
FIS,29,July,2,up,+,64
FIS,30,July,2,,+,56
FITB,27,July,2,,+,55
FITB,28,July,2,,-,55
FITB,29,July,2,,+,55
FITB,30,July,2,up,+,65
FMC,27,July,2,,+,57
FMC,28,July,2,down,-,61
FMC,29,July,2,,-,54
FMC,30,July,2,up,+,63
FOX,27,July,2,,+,59
FOX,28,July,2,,-,55
FOX,29,July,2,,+,53
FOX,30,July,2,down,-,68
FOXA,27,July,2,,-,57
FOXA,28,July,2,down,-,67
FOXA,29,July,2,up,+,74
FOXA,30,July,2,,-,57
FRT,27,July,2,up,+,65
FRT,28,July,2,,-,55
FRT,29,July,2,up,+,62
FRT,30,July,2,,+,50
FSLR,27,July,2,,-,53
FSLR,28,July,2,,-,58
FSLR,29,July,2,up,+,63
FSLR,30,July,2,,+,53
FTNT,27,July,2,up,+,80
FTNT,28,July,2,,+,56
FTNT,29,July,2,up,+,69
FTNT,30,July,2,down,-,63
FTV,27,July,2,,-,56
FTV,28,July,2,,+,56
FTV,29,July,2,,-,56
FTV,30,July,2,up,+,60
GD,27,July,2,,-,54
GD,28,July,2,,+,58
GD,29,July,2,up,+,74
GD,30,July,2,down,-,60
GEHC,27,July,2,down,-,67
GEHC,28,July,2,up,+,67
GEHC,29,July,2,up,+,10
GEHC,30,July,2,up,+,67
GEN,27,July,2,,+,53
GEN,28,July,2,,+,59
GEN,29,July,2,up,+,62
GEN,30,July,2,,+,53
GEV,27,July,2,,+,50
GEV,28,July,2,up,+,10
GEV,29,July,2,,+,71
GEV,30,July,2,up,+,10
GFS,27,July,2,up,+,75
GFS,28,July,2,up,+,10
GFS,29,July,2,,+,71
GFS,30,July,2,down,-,75
GIS,27,July,2,,+,55
GIS,28,July,2,,+,54
GIS,29,July,2,down,-,62
GIS,30,July,2,down,-,60
GL,27,July,2,,+,58
GL,28,July,2,,+,50
GL,29,July,2,up,+,64
GL,30,July,2,,+,53
GM,27,July,2,up,+,73
GM,28,July,2,up,+,67
GM,29,July,2,,-,53
GM,30,July,2,,-,53
GNRC,27,July,2,up,+,75
GNRC,28,July,2,down,-,63
GNRC,29,July,2,up,+,80
GNRC,30,July,2,,+,56
GOLD,27,July,2,,+,55
GOLD,28,July,2,,+,59
GOLD,29,July,2,,+,53
GOLD,30,July,2,down,-,67
GOOG,27,July,2,up,+,83
GOOG,28,July,2,up,+,75
GOOG,29,July,2,,+,50
GOOG,30,July,2,,+,50
GOOGL,27,July,2,up,+,86
GOOGL,28,July,2,up,+,67
GOOGL,29,July,2,,+,52
GOOGL,30,July,2,,-,52
GPC,27,July,2,up,+,64
GPC,28,July,2,down,-,60
GPC,29,July,2,down,-,63
GPC,30,July,2,,+,53
GPN,27,July,2,up,+,60
GPN,28,July,2,,+,56
GPN,29,July,2,up,+,60
GPN,30,July,2,,+,52
GRMN,27,July,2,up,+,64
GRMN,28,July,2,,+,56
GRMN,29,July,2,up,+,72
GRMN,30,July,2,,-,52
GS,27,July,2,,+,59
GS,28,July,2,,+,56
GS,29,July,2,up,+,70
GS,30,July,2,up,+,63
GT,27,July,2,,+,52
GT,28,July,2,down,-,60
GT,29,July,2,,+,52
GT,30,July,2,,-,54
HAS,27,July,2,,+,54
HAS,28,July,2,,-,56
HAS,29,July,2,,-,52
HAS,30,July,2,up,+,66
HBAN,27,July,2,,+,56
HBAN,28,July,2,,+,50
HBAN,29,July,2,up,+,66
HBAN,30,July,2,up,+,74
HCA,27,July,2,,-,57
HCA,28,July,2,up,+,67
HCA,29,July,2,up,+,60
HCA,30,July,2,,-,53
HD,27,July,2,up,+,62
HD,28,July,2,,-,52
HD,29,July,2,,+,55
HD,30,July,2,,+,57
HES,27,July,2,,+,54
HES,28,July,2,down,-,60
HES,29,July,2,,+,55
HES,30,July,2,,-,55
HIG,27,July,2,up,+,60
HIG,28,July,2,,-,57
HIG,29,July,2,,-,53
HIG,30,July,2,,-,53
HII,27,July,2,up,+,60
HII,28,July,2,,+,53
HII,29,July,2,up,+,67
HII,30,July,2,up,+,67
HLT,27,July,2,,+,58
HLT,28,July,2,up,+,67
HLT,29,July,2,up,+,75
HLT,30,July,2,,+,50
HOLX,27,July,2,,+,53
HOLX,28,July,2,up,+,67
HOLX,29,July,2,,+,53
HOLX,30,July,2,,+,58
HON,27,July,2,,+,58
HON,28,July,2,,+,55
HON,29,July,2,up,+,64
HON,30,July,2,,+,57
HPE,27,July,2,up,+,70
HPE,28,July,2,,+,56
HPE,29,July,2,up,+,70
HPE,30,July,2,,-,56
HRB,27,July,2,up,+,60
HRB,28,July,2,up,+,63
HRB,29,July,2,,-,55
HRB,30,July,2,,+,53
HSIC,27,July,2,,+,53
HSIC,28,July,2,down,-,60
HSIC,29,July,2,up,+,66
HSIC,30,July,2,,+,50
HST,27,July,2,up,+,64
HST,28,July,2,,-,58
HST,29,July,2,,+,58
HST,30,July,2,,-,57
HSY,27,July,2,up,+,64
HSY,28,July,2,,-,54
HSY,29,July,2,,+,53
HSY,30,July,2,up,+,60
HUBB,27,July,2,up,+,90
HUBB,28,July,2,up,+,90
HUBB,29,July,2,up,+,70
HUBB,30,July,2,up,+,90
IBM,27,July,2,up,+,62
IBM,28,July,2,,+,50
IBM,29,July,2,,+,59
IBM,30,July,2,,-,54
ICE,27,July,2,up,+,63
ICE,28,July,2,,+,55
ICE,29,July,2,up,+,65
ICE,30,July,2,,+,55
IDXX,27,July,2,up,+,60
IDXX,28,July,2,,-,54
IDXX,29,July,2,up,+,62
IDXX,30,July,2,,-,54
IEX,27,July,2,,+,57
IEX,28,July,2,,-,54
IEX,29,July,2,up,+,64
IEX,30,July,2,,+,53
INCY,27,July,2,up,+,65
INCY,28,July,2,,-,53
INCY,29,July,2,,-,59
INCY,30,July,2,,-,59
INTC,27,July,2,,+,57
INTC,28,July,2,up,+,67
INTC,29,July,2,,+,52
INTC,30,July,2,,+,53
INVH,27,July,2,up,+,78
INVH,28,July,2,,+,56
INVH,29,July,2,up,+,78
INVH,30,July,2,down,-,67
IP,27,July,2,,+,57
IP,28,July,2,,+,55
IP,29,July,2,up,+,62
IP,30,July,2,,-,53
IPG,27,July,2,,+,52
IPG,28,July,2,down,-,60
IPG,29,July,2,,+,59
IPG,30,July,2,,+,56
IQV,27,July,2,up,+,67
IQV,28,July,2,up,+,69
IQV,29,July,2,up,+,77
IQV,30,July,2,,+,54
IR,27,July,2,,+,56
IR,28,July,2,,-,56
IR,29,July,2,,+,56
IR,30,July,2,up,+,67
IRM,27,July,2,up,+,60
IRM,28,July,2,,-,57
IRM,29,July,2,up,+,74
IRM,30,July,2,,-,57
ISRG,27,July,2,,+,50
ISRG,28,July,2,,+,50
ISRG,29,July,2,up,+,62
ISRG,30,July,2,,+,54
ITW,27,July,2,up,+,64
ITW,28,July,2,,-,54
ITW,29,July,2,,+,52
ITW,30,July,2,,+,52
IWM,27,July,2,,+,58
IWM,28,July,2,,-,54
IWM,29,July,2,up,+,62
IWM,30,July,2,,+,54
JBHT,27,July,2,up,+,65
JBHT,28,July,2,,+,54
JBHT,29,July,2,,-,54
JBHT,30,July,2,,-,55
JBL,27,July,2,up,+,64
JBL,28,July,2,,+,52
JBL,29,July,2,,+,52
JBL,30,July,2,down,-,70
JCI,27,July,2,up,+,63
JCI,28,July,2,,-,56
JCI,29,July,2,,+,59
JCI,30,July,2,,-,59
JKHY,27,July,2,up,+,64
JKHY,28,July,2,,+,57
JKHY,29,July,2,up,+,63
JKHY,30,July,2,,-,54
JNJ,27,July,2,,+,54
JNJ,28,July,2,,+,57
JNJ,29,July,2,up,+,63
JNJ,30,July,2,,+,55
JNPR,27,July,2,up,+,74
JNPR,28,July,2,,+,54
JNPR,29,July,2,up,+,73
JNPR,30,July,2,,-,54
JPM,27,July,2,up,+,65
JPM,28,July,2,,+,54
JPM,29,July,2,,+,53
JPM,30,July,2,,+,55
JWN,27,July,2,up,+,68
JWN,28,July,2,,+,54
JWN,29,July,2,,+,53
JWN,30,July,2,,+,50
K,27,July,2,up,+,63
K,28,July,2,,+,55
K,29,July,2,,+,52
K,30,July,2,,-,55
KDP,27,July,2,up,+,74
KDP,28,July,2,,-,57
KDP,29,July,2,up,+,75
KDP,30,July,2,up,+,63
KEY,27,July,2,,+,55
KEY,28,July,2,,-,54
KEY,29,July,2,,+,54
KEY,30,July,2,up,+,63
KHC,27,July,2,down,-,60
KHC,28,July,2,down,-,60
KHC,29,July,2,up,+,73
KHC,30,July,2,down,-,64
KIM,27,July,2,,+,53
KIM,28,July,2,,-,55
KIM,29,July,2,up,+,70
KIM,30,July,2,,+,53
KKR,27,July,2,up,+,60
KKR,28,July,2,up,+,67
KKR,29,July,2,up,+,80
KKR,30,July,2,,+,50
KMB,27,July,2,up,+,60
KMB,28,July,2,,+,55
KMB,29,July,2,,-,52
KMB,30,July,2,,+,50
KMI,27,July,2,,+,53
KMI,28,July,2,,+,53
KMI,29,July,2,up,+,60
KMI,30,July,2,down,-,60
KO,27,July,2,,+,58
KO,28,July,2,up,+,62
KO,29,July,2,up,+,60
KO,30,July,2,,-,53
KR,27,July,2,up,+,64
KR,28,July,2,,+,55
KR,29,July,2,,+,52
KR,30,July,2,,-,54
KVUE,27,July,2,up,+,67
KVUE,28,July,2,up,+,67
KVUE,29,July,2,down,-,67
KVUE,30,July,2,up,+,10
L,27,July,2,,+,58
L,28,July,2,down,-,62
L,29,July,2,,+,50
L,30,July,2,,+,58
LDOS,27,July,2,up,+,67
LDOS,28,July,2,,+,50
LDOS,29,July,2,up,+,92
LDOS,30,July,2,,+,58
LEN,27,July,2,,+,52
LEN,28,July,2,,-,54
LEN,29,July,2,,-,52
LEN,30,July,2,down,-,61
LHX,27,July,2,,-,53
LHX,28,July,2,,+,52
LHX,29,July,2,up,+,64
LHX,30,July,2,,+,53
LII,27,July,2,up,+,69
LII,28,July,2,,+,58
LII,29,July,2,,-,58
LII,30,July,2,up,+,69
LIN,27,July,2,,+,57
LIN,28,July,2,up,+,74
LIN,29,July,2,up,+,74
LIN,30,July,2,up,+,86
LKQ,27,July,2,up,+,64
LKQ,28,July,2,down,-,62
LKQ,29,July,2,up,+,73
LKQ,30,July,2,,-,55
LLTC,27,July,2,up,+,68
LLTC,28,July,2,up,+,67
LLTC,29,July,2,,-,59
LLTC,30,July,2,,-,56
LLY,27,July,2,up,+,64
LLY,28,July,2,,+,55
LLY,29,July,2,,-,52
LLY,30,July,2,,+,55
LMT,27,July,2,,+,53
LMT,28,July,2,,+,58
LMT,29,July,2,up,+,63
LMT,30,July,2,,+,59
LNC,27,July,2,,+,52
LNC,28,July,2,,+,53
LNC,29,July,2,,-,56
LNC,30,July,2,up,+,73
LNT,27,July,2,up,+,72
LNT,28,July,2,,+,56
LNT,29,July,2,up,+,73
LNT,30,July,2,down,-,76
LRCX,27,July,2,,+,58
LRCX,28,July,2,up,+,66
LRCX,29,July,2,,+,54
LRCX,30,July,2,,-,55
LULU,27,July,2,,+,56
LULU,28,July,2,down,-,61
LULU,29,July,2,up,+,67
LULU,30,July,2,,-,56
LUV,27,July,2,up,+,60
LUV,28,July,2,up,+,64
LUV,29,July,2,,+,50
LUV,30,July,2,,-,55
LVS,27,July,2,,-,52
LVS,28,July,2,,+,57
LVS,29,July,2,up,+,67
LVS,30,July,2,,-,52
LW,27,July,2,,+,56
LW,28,July,2,,-,56
LW,29,July,2,,+,56
LW,30,July,2,down,-,67
LYB,27,July,2,,+,53
LYB,28,July,2,down,-,60
LYB,29,July,2,up,+,73
LYB,30,July,2,up,+,64
LYV,27,July,2,up,+,68
LYV,28,July,2,,+,55
LYV,29,July,2,up,+,63
LYV,30,July,2,,+,50
M,27,July,2,up,+,64
M,28,July,2,down,-,74
M,29,July,2,,+,56
M,30,July,2,up,+,64
MA,27,July,2,up,+,60
MA,28,July,2,,+,55
MA,29,July,2,up,+,75
MA,30,July,2,,-,55
MAA,27,July,2,up,+,66
MAA,28,July,2,,+,50
MAA,29,July,2,,+,50
MAA,30,July,2,,-,52
MAR,27,July,2,up,+,72
MAR,28,July,2,,+,56
MAR,29,July,2,up,+,63
MAR,30,July,2,,+,50
MAT,27,July,2,up,+,63
MAT,28,July,2,,-,59
MAT,29,July,2,down,-,63
MAT,30,July,2,,-,52
MCD,27,July,2,,+,57
MCD,28,July,2,,+,59
MCD,29,July,2,,+,54
MCD,30,July,2,down,-,65
MCHP,27,July,2,up,+,64
MCHP,28,July,2,up,+,67
MCHP,29,July,2,,+,58
MCHP,30,July,2,,+,52
MCO,27,July,2,up,+,64
MCO,28,July,2,up,+,60
MCO,29,July,2,up,+,64
MCO,30,July,2,,-,52
MDB,27,July,2,up,+,75
MDB,28,July,2,down,-,63
MDB,29,July,2,up,+,75
MDB,30,July,2,up,+,63
MDLZ,27,July,2,up,+,68
MDLZ,28,July,2,,+,56
MDLZ,29,July,2,up,+,68
MDLZ,30,July,2,,-,56
MDT,27,July,2,,+,59
MDT,28,July,2,up,+,60
MDT,29,July,2,,+,53
MDT,30,July,2,,+,58
MELI,27,July,2,up,+,72
MELI,28,July,2,,-,56
MELI,29,July,2,up,+,67
MELI,30,July,2,,+,56
MET,27,July,2,up,+,60
MET,28,July,2,,-,54
MET,29,July,2,,+,50
MET,30,July,2,up,+,65
META,27,July,2,up,+,64
META,28,July,2,,+,57
META,29,July,2,,+,50
META,30,July,2,,+,57
MGM,27,July,2,,+,54
MGM,28,July,2,,-,58
MGM,29,July,2,up,+,62
MGM,30,July,2,,-,54
MHFI,27,July,2,up,+,65
MHFI,28,July,2,,-,54
MHFI,29,July,2,up,+,63
MHFI,30,July,2,,+,56
MHK,27,July,2,up,+,64
MHK,28,July,2,,-,53
MHK,29,July,2,up,+,65
MHK,30,July,2,,-,52
MKC,27,July,2,down,-,60
MKC,28,July,2,,+,57
MKC,29,July,2,up,+,63
MKC,30,July,2,,+,54
MKL,27,July,2,up,+,62
MKL,28,July,2,,-,54
MKL,29,July,2,up,+,63
MKL,30,July,2,up,+,64
MKTX,27,July,2,,+,57
MKTX,28,July,2,,+,52
MKTX,29,July,2,up,+,76
MKTX,30,July,2,up,+,62
MNST,27,July,2,up,+,63
MNST,28,July,2,,+,54
MNST,29,July,2,,+,59
MNST,30,July,2,up,+,67
MO,27,July,2,up,+,70
MO,28,July,2,,+,53
MO,29,July,2,,+,52
MO,30,July,2,,+,54
MOH,27,July,2,,+,59
MOH,28,July,2,up,+,64
MOH,29,July,2,,+,57
MOH,30,July,2,down,-,65
MOS,27,July,2,,+,57
MOS,28,July,2,,-,57
MOS,29,July,2,up,+,74
MOS,30,July,2,,+,57
MOT,27,July,2,,+,54
MOT,28,July,2,,-,53
MOT,29,July,2,up,+,74
MOT,30,July,2,up,+,64
MPC,27,July,2,,-,53
MPC,28,July,2,up,+,67
MPC,29,July,2,up,+,67
MPC,30,July,2,up,+,90
MPWR,27,July,2,up,+,76
MPWR,28,July,2,up,+,67
MPWR,29,July,2,up,+,74
MPWR,30,July,2,down,-,62
MRK,27,July,2,,+,55
MRK,28,July,2,,-,52
MRK,29,July,2,,+,54
MRK,30,July,2,down,-,63
MRNA,27,July,2,,-,57
MRNA,28,July,2,up,+,74
MRNA,29,July,2,,-,57
MRNA,30,July,2,up,+,74
MRVL,27,July,2,,+,58
MRVL,28,July,2,up,+,60
MRVL,29,July,2,up,+,60
MRVL,30,July,2,down,-,62
MS,27,July,2,,+,55
MS,28,July,2,,+,55
MS,29,July,2,up,+,64
MS,30,July,2,,+,58
MSCI,27,July,2,up,+,78
MSCI,28,July,2,up,+,67
MSCI,29,July,2,up,+,78
MSCI,30,July,2,up,+,64
MSFT,27,July,2,up,+,65
MSFT,28,July,2,,+,54
MSFT,29,July,2,,+,56
MSFT,30,July,2,down,-,62
MTB,27,July,2,up,+,64
MTB,28,July,2,,+,56
MTB,29,July,2,up,+,64
MTB,30,July,2,up,+,60
MTCH,27,July,2,up,+,70
MTCH,28,July,2,up,+,60
MTCH,29,July,2,,+,50
MTCH,30,July,2,,+,50
MTD,27,July,2,up,+,70
MTD,28,July,2,,+,50
MTD,29,July,2,up,+,64
MTD,30,July,2,,+,50
MU,27,July,2,up,+,60
MU,28,July,2,,+,55
MU,29,July,2,,-,53
MU,30,July,2,,+,52
MXIM,27,July,2,up,+,66
MXIM,28,July,2,up,+,63
MXIM,29,July,2,,+,53
MXIM,30,July,2,,-,57
NCLH,27,July,2,up,+,62
NCLH,28,July,2,,+,54
NCLH,29,July,2,up,+,62
NCLH,30,July,2,up,+,62
NDAQ,27,July,2,,+,57
NDAQ,28,July,2,up,+,62
NDAQ,29,July,2,up,+,74
NDAQ,30,July,2,up,+,74
NDSN,27,July,2,up,+,64
NDSN,28,July,2,,+,54
NDSN,29,July,2,,+,56
NDSN,30,July,2,,+,54
NDX,27,July,2,up,+,64
NDX,28,July,2,,+,55
NDX,29,July,2,,-,53
NDX,30,July,2,,+,50
NEE,27,July,2,,+,52
NEE,28,July,2,up,+,64
NEE,29,July,2,up,+,60
NEE,30,July,2,,+,55
NFLX,27,July,2,up,+,82
NFLX,28,July,2,,-,52
NFLX,29,July,2,down,-,74
NFLX,30,July,2,down,-,74
NI,27,July,2,up,+,64
NI,28,July,2,,+,57
NI,29,July,2,,+,53
NI,30,July,2,,+,54
NKE,27,July,2,up,+,74
NKE,28,July,2,,+,55
NKE,29,July,2,down,-,61
NKE,30,July,2,,-,59
NOC,27,July,2,,+,57
NOC,28,July,2,,+,59
NOC,29,July,2,up,+,64
NOC,30,July,2,,+,53
NOW,27,July,2,up,+,86
NOW,28,July,2,,+,57
NOW,29,July,2,up,+,64
NOW,30,July,2,up,+,74
NRG,27,July,2,,-,55
NRG,28,July,2,,-,55
NRG,29,July,2,up,+,64
NRG,30,July,2,,-,59
NSC,27,July,2,,+,57
NSC,28,July,2,up,+,63
NSC,29,July,2,,+,57
NSC,30,July,2,,-,59
NTAP,27,July,2,,+,53
NTAP,28,July,2,,+,52
NTAP,29,July,2,up,+,60
NTAP,30,July,2,down,-,60
NVR,27,July,2,up,+,64
NVR,28,July,2,,+,50
NVR,29,July,2,,+,58
NVR,30,July,2,,-,59
NWS,27,July,2,up,+,63
NWS,28,July,2,down,-,75
NWS,29,July,2,up,+,75
NWS,30,July,2,up,+,63
NWSA,27,July,2,,+,50
NWSA,28,July,2,down,-,62
NWSA,29,July,2,up,+,69
NWSA,30,July,2,,-,54
NXPI,27,July,2,,-,53
NXPI,28,July,2,up,+,60
NXPI,29,July,2,up,+,73
NXPI,30,July,2,,-,53
O,27,July,2,up,+,74
O,28,July,2,,-,53
O,29,July,2,up,+,68
O,30,July,2,,-,55
ODFL,27,July,2,up,+,78
ODFL,28,July,2,,+,52
ODFL,29,July,2,,+,59
ODFL,30,July,2,up,+,73
OKE,27,July,2,up,+,66
OKE,28,July,2,,+,54
OKE,29,July,2,up,+,62
OKE,30,July,2,,+,53
ORLY,27,July,2,,+,57
ORLY,28,July,2,up,+,79
ORLY,29,July,2,,+,54
ORLY,30,July,2,up,+,62
OTIS,27,July,2,up,+,67
OTIS,28,July,2,up,+,67
OTIS,29,July,2,,+,50
OTIS,30,July,2,,+,50
OXY,27,July,2,,-,55
OXY,28,July,2,down,-,60
OXY,29,July,2,,-,52
OXY,30,July,2,down,-,63
PANW,27,July,2,up,+,85
PANW,28,July,2,,-,54
PANW,29,July,2,up,+,69
PANW,30,July,2,,+,54
PARA,27,July,2,up,+,70
PARA,28,July,2,down,-,79
PARA,29,July,2,,+,53
PARA,30,July,2,,-,58
PAYC,27,July,2,up,+,67
PAYC,28,July,2,,+,58
PAYC,29,July,2,up,+,67
PAYC,30,July,2,up,+,75
PAYX,27,July,2,up,+,68
PAYX,28,July,2,,-,53
PAYX,29,July,2,,+,54
PAYX,30,July,2,,-,53
PBI,27,July,2,,+,53
PBI,28,July,2,down,-,67
PBI,29,July,2,,+,54
PBI,30,July,2,,-,58
PCAR,27,July,2,,-,59
PCAR,28,July,2,up,+,63
PCAR,29,July,2,up,+,62
PCAR,30,July,2,,+,57
PCG,27,July,2,,+,53
PCG,28,July,2,,+,52
PCG,29,July,2,up,+,60
PCG,30,July,2,,-,54
PDD,27,July,2,,-,57
PDD,28,July,2,,-,57
PDD,29,July,2,down,-,74
PDD,30,July,2,,-,57
PEP,27,July,2,up,+,62
PEP,28,July,2,up,+,64
PEP,29,July,2,,-,55
PEP,30,July,2,,+,56
PFG,27,July,2,,+,58
PFG,28,July,2,,+,54
PFG,29,July,2,up,+,75
PFG,30,July,2,,+,54
PG,27,July,2,up,+,73
PG,28,July,2,up,+,62
PG,29,July,2,,-,57
PG,30,July,2,,+,52
PGR,27,July,2,up,+,63
PGR,28,July,2,down,-,64
PGR,29,July,2,up,+,60
PGR,30,July,2,up,+,60
PKG,27,July,2,up,+,68
PKG,28,July,2,,+,50
PKG,29,July,2,up,+,73
PKG,30,July,2,,+,54
PKI,27,July,2,up,+,63
PKI,28,July,2,,+,55
PKI,29,July,2,,+,56
PKI,30,July,2,,+,55
PLD,27,July,2,,+,54
PLD,28,July,2,down,-,61
PLD,29,July,2,up,+,68
PLD,30,July,2,up,+,63
PLTR,27,July,2,up,+,90
PLTR,28,July,2,up,+,60
PLTR,29,July,2,up,+,10
PLTR,30,July,2,up,+,50
PM,27,July,2,up,+,78
PM,28,July,2,up,+,72
PM,29,July,2,up,+,64
PM,30,July,2,up,+,67
PNR,27,July,2,up,+,63
PNR,28,July,2,,-,55
PNR,29,July,2,,-,52
PNR,30,July,2,down,-,61
PNW,27,July,2,up,+,60
PNW,28,July,2,,+,54
PNW,29,July,2,up,+,67
PNW,30,July,2,down,-,60
PODD,27,July,2,up,+,63
PODD,28,July,2,,-,58
PODD,29,July,2,,+,53
PODD,30,July,2,,+,53
POOL,27,July,2,,+,52
POOL,28,July,2,,-,52
POOL,29,July,2,up,+,62
POOL,30,July,2,up,+,68
PRU,27,July,2,,+,54
PRU,28,July,2,,-,58
PRU,29,July,2,up,+,79
PRU,30,July,2,up,+,67
PSX,27,July,2,,+,50
PSX,28,July,2,up,+,64
PSX,29,July,2,,+,57
PSX,30,July,2,up,+,86
PWR,27,July,2,,+,50
PWR,28,July,2,down,-,64
PWR,29,July,2,,+,56
PWR,30,July,2,,-,54
PYPL,27,July,2,up,+,10
PYPL,28,July,2,up,+,??
PYPL,29,July,2,,+,55
PYPL,30,July,2,down,-,64
QCOM,27,July,2,up,+,65
QCOM,28,July,2,,+,56
QCOM,29,July,2,,-,53
QCOM,30,July,2,,+,50
QQQ,27,July,2,up,+,70
QQQ,28,July,2,,-,52
QQQ,29,July,2,,+,52
QQQ,30,July,2,,+,52
R,27,July,2,,+,53
R,28,July,2,,+,52
R,29,July,2,up,+,67
R,30,July,2,,+,54
RCL,27,July,2,,+,50
RCL,28,July,2,down,-,63
RCL,29,July,2,up,+,73
RCL,30,July,2,,+,56
REG,27,July,2,,+,59
REG,28,July,2,,-,53
REG,29,July,2,up,+,63
REG,30,July,2,,+,59
REGN,27,July,2,,+,52
REGN,28,July,2,,-,54
REGN,29,July,2,up,+,65
REGN,30,July,2,,-,57
RF,27,July,2,up,+,64
RF,28,July,2,,+,54
RF,29,July,2,,-,52
RF,30,July,2,,-,54
RJF,27,July,2,up,+,68
RJF,28,July,2,,-,53
RJF,29,July,2,,+,53
RJF,30,July,2,up,+,64
RL,27,July,2,,+,53
RL,28,July,2,,-,53
RL,29,July,2,up,+,62
RL,30,July,2,down,-,60
RMD,27,July,2,,+,58
RMD,28,July,2,up,+,63
RMD,29,July,2,,-,57
RMD,30,July,2,up,+,73
ROL,27,July,2,up,+,64
ROL,28,July,2,,+,56
ROL,29,July,2,,+,55
ROL,30,July,2,,+,55
ROP,27,July,2,,+,53
ROP,28,July,2,,+,53
ROP,29,July,2,up,+,64
ROP,30,July,2,down,-,61
RSG,27,July,2,up,+,63
RSG,28,July,2,up,+,64
RSG,29,July,2,up,+,68
RSG,30,July,2,,+,52
RTX,27,July,2,up,+,60
RTX,28,July,2,,+,53
RTX,29,July,2,up,+,65
RTX,30,July,2,,-,54
SBAC,27,July,2,up,+,67
SBAC,28,July,2,,-,56
SBAC,29,July,2,,-,52
SBAC,30,July,2,up,+,63
SBUX,27,July,2,,+,59
SBUX,28,July,2,up,+,64
SBUX,29,July,2,,+,53
SBUX,30,July,2,,+,59
SCHW,27,July,2,up,+,65
SCHW,28,July,2,,-,54
SCHW,29,July,2,,+,58
SCHW,30,July,2,,+,53
SHW,27,July,2,,+,59
SHW,28,July,2,up,+,63
SHW,29,July,2,,+,50
SHW,30,July,2,up,+,60
SJM,27,July,2,,+,56
SJM,28,July,2,up,+,64
SJM,29,July,2,up,+,64
SJM,30,July,2,,+,56
SLB,27,July,2,,+,56
SLB,28,July,2,,+,54
SLB,29,July,2,up,+,69
SLB,30,July,2,,-,54
SMCI,27,July,2,up,+,90
SMCI,28,July,2,up,+,90
SMCI,29,July,2,up,+,83
SMCI,30,July,2,up,+,67
SNA,27,July,2,,+,56
SNA,28,July,2,,-,56
SNA,29,July,2,,+,56
SNA,30,July,2,up,+,64
SNPS,27,July,2,up,+,62
SNPS,28,July,2,,+,53
SNPS,29,July,2,,+,56
SNPS,30,July,2,,-,59
SO,27,July,2,,+,54
SO,28,July,2,up,+,64
SO,29,July,2,up,+,62
SO,30,July,2,,-,54
SOLV,27,July,2,,+,71
SOLV,28,July,2,down,-,10
SOLV,29,July,2,,+,50
SOLV,30,July,2,up,+,10
SPG,27,July,2,up,+,68
SPG,28,July,2,,-,59
SPG,29,July,2,up,+,64
SPG,30,July,2,,+,57
SPGI,27,July,2,,+,55
SPGI,28,July,2,,-,55
SPGI,29,July,2,up,+,64
SPGI,30,July,2,,+,55
SRE,27,July,2,,+,55
SRE,28,July,2,,+,58
SRE,29,July,2,up,+,63
SRE,30,July,2,,-,54
STE,27,July,2,up,+,68
STE,28,July,2,down,-,61
STE,29,July,2,,+,56
STE,30,July,2,,+,59
STLD,27,July,2,,+,59
STLD,28,July,2,up,+,62
STLD,29,July,2,,-,57
STLD,30,July,2,,+,59
STX,27,July,2,up,+,70
STX,28,July,2,up,+,64
STX,29,July,2,,-,52
STX,30,July,2,,+,57
STZ,27,July,2,up,+,68
STZ,28,July,2,,-,56
STZ,29,July,2,,+,50
STZ,30,July,2,,-,56
SW,27,July,2,up,+,??
SW,28,July,2,down,-,??
SW,29,July,2,down,-,??
SW,30,July,2,up,+,??
SWKS,27,July,2,up,+,62
SWKS,28,July,2,up,+,64
SWKS,29,July,2,,+,59
SWKS,30,July,2,,-,58
SYF,27,July,2,up,+,64
SYF,28,July,2,up,+,64
SYF,29,July,2,up,+,64
SYF,30,July,2,,+,55
TAP,27,July,2,,+,52
TAP,28,July,2,,-,55
TAP,29,July,2,up,+,64
TAP,30,July,2,,+,55
TDG,27,July,2,,+,55
TDG,28,July,2,,-,55
TDG,29,July,2,up,+,70
TDG,30,July,2,,+,55
TDY,27,July,2,,+,58
TDY,28,July,2,,+,54
TDY,29,July,2,up,+,80
TDY,30,July,2,up,+,64
TEAM,27,July,2,up,+,10
TEAM,28,July,2,up,+,60
TEAM,29,July,2,up,+,60
TEAM,30,July,2,up,+,90
TECH,27,July,2,up,+,64
TECH,28,July,2,,-,54
TECH,29,July,2,up,+,62
TECH,30,July,2,,+,59
TEL,27,July,2,,+,50
TEL,28,July,2,,+,56
TEL,29,July,2,up,+,68
TEL,30,July,2,up,+,67
TFC,27,July,2,up,+,60
TFC,28,July,2,down,-,68
TFC,29,July,2,,+,57
TFC,30,July,2,,+,55
TGT,27,July,2,up,+,62
TGT,28,July,2,,+,57
TGT,29,July,2,,+,57
TGT,30,July,2,,+,50
TJX,27,July,2,up,+,64
TJX,28,July,2,,+,59
TJX,29,July,2,,+,56
TJX,30,July,2,,+,55
TKO,27,July,2,,+,71
TKO,28,July,2,,+,50
TKO,29,July,2,down,-,10
TKO,30,July,2,,+,50
TMUS,27,July,2,,+,58
TMUS,28,July,2,up,+,79
TMUS,29,July,2,,-,53
TMUS,30,July,2,,-,53
TPR,27,July,2,,+,56
TPR,28,July,2,,-,56
TPR,29,July,2,up,+,63
TPR,30,July,2,,-,56
TRGP,27,July,2,up,+,60
TRGP,28,July,2,,+,53
TRGP,29,July,2,,+,53
TRGP,30,July,2,down,-,67
TROW,27,July,2,,+,53
TROW,28,July,2,,+,59
TROW,29,July,2,up,+,64
TROW,30,July,2,,-,54
TRV,27,July,2,,+,58
TRV,28,July,2,,-,56
TRV,29,July,2,down,-,64
TRV,30,July,2,,+,58
TSCO,27,July,2,,+,52
TSCO,28,July,2,up,+,62
TSCO,29,July,2,,-,59
TSCO,30,July,2,,+,54
TSN,27,July,2,,+,58
TSN,28,July,2,,-,53
TSN,29,July,2,down,-,63
TSN,30,July,2,,+,57
TT,27,July,2,,+,54
TT,28,July,2,,+,53
TT,29,July,2,up,+,64
TT,30,July,2,,+,54
TTD,27,July,2,up,+,78
TTD,28,July,2,up,+,67
TTD,29,July,2,,+,56
TTD,30,July,2,,+,56
TXN,27,July,2,up,+,62
TXN,28,July,2,up,+,67
TXN,29,July,2,,-,54
TXN,30,July,2,,-,52
TXT,27,July,2,,-,54
TXT,28,July,2,down,-,61
TXT,29,July,2,,+,58
TXT,30,July,2,,+,56
weekly_IR-_earliest-2026,27,July,2,up,+,64
weekly_IR-_earliest-2026,28,July,2,,+,56
weekly_IR-_earliest-2026,29,July,2,,+,58
weekly_IR-_earliest-2026,30,July,2,,+,59
